year,rent_burden_30plus
2010,0.4629437748813874
2015,0.503604426845365
2020,0.49576284736656967
